{
  "meta": {
    "observable": "25a",
    "paper": 35,
    "experiment": 1,
    "n_sites": 3,
    "data_qubits": 6,
    "T_CYCLE_BINARY": 30,
    "sweep_n": 60,
    "n_steps_per_run": 30,
    "coupling": 0.1,
    "j_edge": 0.1
  },
  "mode_B": {
    "spectrum": [
      1.648817539215088,
      1.6808953285217285,
      1.6580194234848022,
      1.5842177867889404,
      1.6667044162750244,
      1.727961778640747,
      1.7308391332626343,
      1.7496147155761719,
      1.7747209072113037,
      1.776052474975586,
      1.7021455764770508,
      1.7184761762619019,
      1.7298614978790283,
      1.6163668632507324,
      1.6783853769302368,
      1.7526500225067139,
      1.5948444604873657,
      1.6940534114837646,
      1.8066978454589844,
      1.5942096710205078,
      1.682347059249878,
      1.7604637145996094,
      1.5442806482315063,
      1.626332402229309,
      1.6797422170639038,
      1.4895533323287964,
      1.601508378982544,
      1.7259143590927124,
      1.4742763042449951,
      1.6001381874084473,
      1.7795686721801758,
      1.475172758102417,
      1.5865352153778076,
      1.7179951667785645,
      1.470752477645874,
      1.5781733989715576,
      1.7141133546829224,
      1.4801158905029297,
      1.5764189958572388,
      1.759221076965332,
      1.5054175853729248,
      1.6098549365997314,
      1.6898667812347412,
      1.4965301752090454,
      1.610993504524231,
      1.5166513919830322,
      1.4732654094696045,
      1.5623164176940918,
      1.3228355646133423,
      1.4826674461364746,
      1.5594580173492432,
      1.1547720432281494,
      1.4488437175750732,
      1.3655623197555542,
      0.9317362308502197,
      1.3274577856063843,
      1.0166687965393066,
      0.8878351449966431,
      1.1790351867675781,
      0.9062578678131104
    ],
    "periods": [
      null,
      60.0,
      30.0,
      20.0,
      15.0,
      12.0,
      10.0,
      8.571428571428571,
      7.5,
      6.666666666666667,
      6.0,
      5.454545454545455,
      5.0,
      4.615384615384615,
      4.285714285714286,
      4.0,
      3.75,
      3.5294117647058822,
      3.3333333333333335,
      3.1578947368421053,
      3.0,
      2.857142857142857,
      2.7272727272727275,
      2.608695652173913,
      2.5,
      2.4,
      2.3076923076923075,
      2.2222222222222223,
      2.142857142857143,
      2.0689655172413794,
      2.0
    ],
    "power": [
      3.1554436208840472e-30,
      25.86515364407662,
      19.87812846010054,
      7.200135811887412,
      3.73505513473697,
      1.7460549355399626,
      1.5424489412258249,
      1.069310754563495,
      0.6726672912657847,
      0.5535239410581186,
      0.505639136459351,
      0.4705642853561437,
      0.42010931816154257,
      0.214775760458754,
      0.4211533967059713,
      0.16149376315166822,
      0.34274951073047727,
      0.3634968946122753,
      0.11735462687431979,
      3.1294464107227613,
      1.1174546725314796,
      6.180601795522636,
      3.2229855493193704,
      2.003808460948801,
      1.2434093791484389,
      0.39933226605709726,
      0.6279269581838165,
      0.2433129617841043,
      0.2178823029983198,
      0.18526378259635995,
      0.177423128814155
    ],
    "thresholds": {
      "25a-P": {
        "value": 60.0,
        "pass": false
      },
      "25a-H": {
        "value": 0.32579667133633583,
        "pass": false
      }
    }
  },
  "mode_A": {
    "spectrum": [
      1.4164010286331177,
      1.4574311971664429,
      1.4835612773895264,
      1.4484304189682007,
      1.5194675922393799,
      1.5783194303512573,
      1.560957908630371,
      1.602938175201416,
      1.6601593494415283,
      1.655716896057129,
      1.6568944454193115,
      1.711634874343872,
      1.7171764373779297,
      1.6816450357437134,
      1.7377740144729614,
      1.7521427869796753,
      1.6888855695724487,
      1.7480043172836304,
      1.7656328678131104,
      1.6841199398040771,
      1.745445728302002,
      1.7675011157989502,
      1.6708773374557495,
      1.7368887662887573,
      1.7627872228622437,
      1.654492735862732,
      1.7272489070892334,
      1.7587106227874756,
      1.6451587677001953,
      1.721992015838623,
      1.7550418376922607,
      1.6318690776824951,
      1.7118383646011353,
      1.7494909763336182,
      1.6172528266906738,
      1.7011942863464355,
      1.7439638376235962,
      1.602786660194397,
      1.6910443305969238,
      1.7398650646209717,
      1.5922951698303223,
      1.6841323375701904,
      1.7370803356170654,
      1.582892894744873,
      1.676287055015564,
      1.7356308698654175,
      1.573360800743103,
      1.6692036390304565,
      1.73308527469635,
      1.5630292892456055,
      1.6600837707519531,
      1.7299354076385498,
      1.553145170211792,
      1.6539536714553833,
      1.73087477684021,
      1.54676353931427,
      1.6496690511703491,
      1.7318272590637207,
      1.540076732635498,
      1.6444014310836792
    ],
    "periods": [
      null,
      60.0,
      30.0,
      20.0,
      15.0,
      12.0,
      10.0,
      8.571428571428571,
      7.5,
      6.666666666666667,
      6.0,
      5.454545454545455,
      5.0,
      4.615384615384615,
      4.285714285714286,
      4.0,
      3.75,
      3.5294117647058822,
      3.3333333333333335,
      3.1578947368421053,
      3.0,
      2.857142857142857,
      2.7272727272727275,
      2.608695652173913,
      2.5,
      2.4,
      2.3076923076923075,
      2.2222222222222223,
      2.142857142857143,
      2.0689655172413794,
      2.0
    ],
    "power": [
      7.099748146989106e-30,
      4.493635396387061,
      2.0575932544025473,
      0.9529694759309306,
      0.43209656671110774,
      0.2734026908725034,
      0.15282094255510212,
      0.09562319365328042,
      0.06278496896664458,
      0.040643981118237374,
      0.03211113220432082,
      0.021007492384577543,
      0.01621279777215716,
      0.011838385062970509,
      0.011320186819486735,
      0.010485026162214693,
      0.018281098174413663,
      0.0398336750410936,
      0.11040839774673164,
      0.3366829640139121,
      3.102738020703256,
      0.5673911892319239,
      0.2550379005333731,
      0.12755365051837547,
      0.08022958948478548,
      0.05707410892222038,
      0.05136093905667409,
      0.04572627017283489,
      0.04100702141772188,
      0.040838650717042645,
      0.04137845292326858
    ],
    "thresholds": {
      "25a-R": {
        "value": 0.1515154645782056,
        "pass": false
      }
    }
  },
  "overall_pass": false
}