{
  "meta": {
    "observable": "25b",
    "paper": 35,
    "experiment": "1 extended",
    "n_sites": 3,
    "data_qubits": 6,
    "T_CYCLE_BINARY": 30,
    "sweep_n_short": 60,
    "sweep_n_long": 240,
    "n_steps_per_run": 30,
    "coupling": 0.1,
    "j_edge": 0.1
  },
  "matter": {
    "spectrum": [
      1.6907968521118164,
      1.6856849193572998,
      1.6350911855697632,
      1.5339256525039673,
      1.600127100944519,
      1.6416351795196533,
      1.6422221660614014,
      1.6451261043548584,
      1.642411231994629,
      1.6626968383789062,
      1.559434175491333,
      1.5292531251907349,
      1.5557339191436768,
      1.465181827545166,
      1.4502102136611938,
      1.5141741037368774,
      1.437558650970459,
      1.437640905380249,
      1.5573017597198486,
      1.455275535583496,
      1.4582096338272095,
      1.6006520986557007,
      1.4851833581924438,
      1.4635698795318604,
      1.6166574954986572,
      1.5016934871673584,
      1.445056438446045,
      1.6408398151397705,
      1.4751715660095215,
      1.4106130599975586,
      1.6622940301895142,
      1.4582504034042358,
      1.3523684740066528,
      1.626076340675354,
      1.46891450881958,
      1.3444955348968506,
      1.587849497795105,
      1.4481219053268433,
      1.3561509847640991,
      1.6303815841674805,
      1.4654743671417236,
      1.3027926683425903,
      1.633232593536377,
      1.4811480045318604,
      1.234826922416687,
      1.5487520694732666,
      1.3928442001342773,
      1.2092432975769043,
      1.5686675310134888,
      1.2410619258880615,
      1.1248319149017334,
      1.564868450164795,
      1.1638764142990112,
      0.9642858505249023,
      1.3279833793640137,
      1.2225334644317627,
      0.9950618743896484,
      0.9304465055465698,
      1.2020426988601685,
      1.171674132347107
    ],
    "dominant_period": 60.0,
    "divisor_60_purity": 0.8065579742484663,
    "top_peaks": [
      [
        60.0,
        12.700172665704482
      ],
      [
        3.0,
        11.638036998865758
      ],
      [
        30.0,
        10.873743918375043
      ],
      [
        20.0,
        8.417260763655335
      ],
      [
        3.1578947368421053,
        3.464564295042489
      ],
      [
        15.0,
        1.6610703656372394
      ]
    ]
  },
  "antimatter": {
    "spectrum": [
      1.648817539215088,
      1.6808953285217285,
      1.6580194234848022,
      1.5842177867889404,
      1.6667044162750244,
      1.727961778640747,
      1.7308391332626343,
      1.7496147155761719,
      1.7747209072113037,
      1.776052474975586,
      1.7021455764770508,
      1.7184761762619019,
      1.7298614978790283,
      1.6163668632507324,
      1.6783853769302368,
      1.7526500225067139,
      1.5948444604873657,
      1.6940534114837646,
      1.8066978454589844,
      1.5942096710205078,
      1.682347059249878,
      1.7604637145996094,
      1.5442806482315063,
      1.626332402229309,
      1.6797422170639038,
      1.4895533323287964,
      1.601508378982544,
      1.7259143590927124,
      1.4742763042449951,
      1.6001381874084473,
      1.7795686721801758,
      1.475172758102417,
      1.5865352153778076,
      1.7179951667785645,
      1.470752477645874,
      1.5781733989715576,
      1.7141133546829224,
      1.4801158905029297,
      1.5764189958572388,
      1.759221076965332,
      1.5054175853729248,
      1.6098549365997314,
      1.6898667812347412,
      1.4965301752090454,
      1.610993504524231,
      1.5166513919830322,
      1.4732654094696045,
      1.5623164176940918,
      1.3228355646133423,
      1.4826674461364746,
      1.5594580173492432,
      1.1547720432281494,
      1.4488437175750732,
      1.3655623197555542,
      0.9317362308502197,
      1.3274577856063843,
      1.0166687965393066,
      0.8878351449966431,
      1.1790351867675781,
      0.9062578678131104
    ],
    "dominant_period": 60.0,
    "divisor_60_purity": 0.7419979625547106,
    "top_peaks": [
      [
        60.0,
        25.86515364407662
      ],
      [
        30.0,
        19.87812846010054
      ],
      [
        20.0,
        7.200135811887412
      ],
      [
        2.857142857142857,
        6.180601795522636
      ],
      [
        15.0,
        3.73505513473697
      ],
      [
        2.7272727272727275,
        3.2229855493193704
      ]
    ]
  },