{
  "meta": {
    "observable": "25c",
    "paper": 36,
    "n_rungs_tested": 5,
    "heavy_mode": false,
    "sweep_n": 60,
    "n_steps_per_run": 30,
    "coupling": 0.1,
    "paper35_reference_delta": 0.1268,
    "eta_B_observed": 6.1e-10
  },
  "rungs": [
    {
      "number": 1,
      "name": "triangle",
      "n_sites": 3,
      "n_edges": 3,
      "matter_mean_entropy": 0.5991203226149082,
      "antimatter_mean_entropy": 0.5989004055658976,
      "chirality_delta": 0.2971367756789329,
      "runtime_sec": 0.7769503593444824,
      "matter_spectrum": [
        0.5619709491729736,
        0.5619710087776184,
        0.6566019058227539,
        0.6680622100830078,
        0.6586384177207947,
        0.7114653587341309,
        0.7362265586853027,
        0.7233140468597412,
        0.7776714563369751,
        0.7845901846885681,
        0.7833430767059326,
        0.7855721712112427,
        0.7604411244392395,
        0.7728689908981323,
        0.7090958952903748,
        0.6274903416633606,
        0.6491431593894958,
        0.6377725601196289,
        0.480624794960022,
        0.4806011915206909,
        0.6403399705886841,
        0.47848188877105713,
        0.4555686414241791,
        0.6352596879005432,
        0.5238521695137024,
        0.5185618996620178,
        0.6148343086242676,
        0.5782159566879272,
        0.5475567579269409,
        0.537376344203949,
        0.6508157849311829,
        0.5397359728813171,
        0.43906036019325256,
        0.6666961908340454,
        0.5382939577102661,
        0.2821897864341736,
        0.5981980562210083,
        0.5745882391929626,
        0.1859474778175354,
        0.3773922920227051,
        0.5748935341835022,
        0.4971715211868286,
        0.34481385350227356,
        0.4572492837905884,
        0.6774590611457825,
        0.5405760407447815,
        0.28069955110549927,
        0.7070550918579102,
        0.7355226278305054,
        0.22541005909442902,
        0.7111239433288574,
        0.8231922388076782,
        0.35953861474990845,
        0.724958062171936,
        0.7562880516052246,
        0.5781224370002747,
        0.7952438592910767,
        0.6229108572006226,
        0.785552978515625,
        0.8390065431594849
      ],
      "antimatter_spectrum": [
        0.6048578023910522,
        0.6048578023910522,
        0.6116099953651428,
        0.6603899002075195,
        0.6549884676933289,
        0.6854106187820435,
        0.7371319532394409,
        0.7399820685386658,
        0.7651589512825012,
        0.7669979333877563,
        0.788780689239502,
        0.7896437644958496,
        0.7009572982788086,
        0.754064679145813,
        0.7188670039176941,
        0.5890313386917114,
        0.680664598941803,
        0.5747712850570679,
        0.49373191595077515,
        0.6310405731201172,
        0.48790213465690613,
        0.4287314713001251,
        0.5881819128990173,
        0.4802021384239197,
        0.3601895272731781,
        0.5849079489707947,
        0.5172736644744873,
        0.41718626022338867,
        0.5320957899093628,
        0.5940196514129639,
        0.5191214084625244,
        0.44270721077919006,
        0.6537280082702637,
        0.36975398659706116,
        0.33591312170028687,
        0.6251085996627808,
        0.4716281294822693,
        0.16501080989837646,
        0.39245134592056274,
        0.6019452810287476,
        0.447189599275589,
        0.3445972204208374,
        0.6128581166267395,
        0.6826907396316528,
        0.5718585848808289,
        0.6634315848350525,
        0.7139086723327637,
        0.763528048992157,
        0.5850659608840942,
        0.7161722183227539,
        0.8432390689849854,
        0.5156543850898743,
        0.7257388830184937,
        0.7805964946746826,
        0.546736478805542,
        0.7946133613586426,
        0.5998181104660034,
        0.5182058215141296,
        0.8488669395446777,
        0.5382570028305054
      ]
    },
    {
      "number": 2,
      "name": "tetrahedron",
      "n_sites": 4,
      "n_edges": 6,
      "matter_mean_entropy": 0.5822736732661724,
      "antimatter_mean_entropy": 0.5587031076351802,
      "chirality_delta": 0.20976132251508042,
      "runtime_sec": 1.2312939167022705,
      "matter_spectrum": [
        0.3804851770401001,
        0.38048481941223145,
        0.4434749484062195,
        0.4473971128463745,
        0.4437423348426819,
        0.42001739144325256,
        0.4109223484992981,
        0.4266740083694458,
        0.2459232062101364,
        0.20780962705612183,
        0.25085824728012085,
        0.3350663483142853,
        0.3494502902030945,
        0.32199496030807495,
        0.5701793432235718,
        0.625124990940094,
        0.5877336859703064,
        0.57508385181427,
        0.5966068506240845,
        0.5979992747306824,
        0.5228111743927002,
        0.4836965799331665,
        0.499970018863678,
        0.4593268036842346,
        0.45248401165008545,
        0.3825788199901581,
        0.45548465847969055,
        0.4382146894931793,
        0.38631850481033325,
        0.4584238827228546,
        0.39449185132980347,
        0.4104129374027252,
        0.48238885402679443,
        0.43964892625808716,
        0.3518075942993164,
        0.5331223011016846,
        0.5878009796142578,
        0.5049451589584351,
        0.6165390610694885,
        0.8615464568138123,
        0.7210372686386108,
        0.7311104536056519,
        0.9654548168182373,
        0.8142276406288147,
        0.8343799114227295,
        0.9319738149642944,
        0.8002750873565674,
        0.9152259826660156,
        0.9526292085647583,
        0.7691822052001953,
        0.8586864471435547,
        0.873925507068634,
        0.7746682167053223,
        0.7326264977455139,
        0.7428222894668579,
        0.7694638967514038,
        0.8561049699783325,
        0.847541093826294,
        0.7273975610733032,
        0.9786454439163208
      ],
      "antimatter_spectrum": [
        0.4256168007850647,
        0.42561671137809753,
        0.42770224809646606,
        0.4266420006752014,
        0.43221738934516907,
        0.43340471386909485,
        0.2548198699951172,
        0.2828534245491028,
        0.2615616023540497,
        0.2143317013978958,
        0.1987391710281372,
        0.1941169947385788,
        0.4817403554916382,
        0.445361465215683,
        0.5180056095123291,
        0.5292834043502808,
        0.5381539463996887,
        0.6115793585777283,
        0.4987441897392273,
        0.520750880241394,
        0.5268665552139282,
        0.4530240595340729,
        0.4779975712299347,
        0.46465036273002625,
        0.3625747561454773,
        0.44777923822402954,
        0.42662501335144043,
        0.41572892665863037,
        0.43926212191581726,
        0.37032315135002136,
        0.4647330045700073,
        0.47112545371055603,
        0.42913442850112915,
        0.39233484864234924,
        0.5022661685943604,
        0.5270535945892334,
        0.5273512005805969,
        0.51372891664505,
        0.749880850315094,
        0.6790790557861328,
        0.6211919784545898,
        0.9458169937133789,
        0.6553494930267334,
        0.734539270401001,
        0.958659291267395,
        0.6239087581634521,
        0.8630753755569458,
        0.9627891182899475,
        0.5739312767982483,
        0.8645963668823242,
        0.9161149263381958,
        0.567136287689209,
        0.7688435316085815,
        0.7579292058944702,
        0.6628986597061157,
        0.839970052242279,
        0.7887797355651855,
        0.7694563865661621,
        0.9610310792922974,
        0.9234075546264648
      ]
    },
    {
      "number": 3,
      "name": "pentachoron",
      "n_sites": 5,
      "n_edges": 10,
      "matter_mean_entropy": 0.7497205923000971,
      "antimatter_mean_entropy": 0.7407525812586149,
      "chirality_delta": 0.131665782287629,
      "runtime_sec": 1.6544044017791748,