{
  "timestamp": "2026-04-30T23:06:08",
  "stack": "qiskit_aer",
  "qiskit_version": "2.3.1",
  "observable": "23-precursor-8q-proxy",
  "paper": 34,
  "thresholds_pre_registered": {
    "23-C": "dominant FFT period in [11.88, 12.12]",
    "23-Z": "peak-trough offset gap = T_CYCLE/3 +/- 1 step",
    "23-P": "peak-trough Renyi-2 contrast >= 0.02",
    "23-H": "bichromatic purity on {12, 6} >= 0.90"
  },
  "parameters": {
    "T_CYCLE": 12,
    "N_OFFSETS": 36,
    "COUPLING": 0.1,
    "J_INTRA": 0.1,
    "J_MEM": 0.5,
    "shots": 256,
    "n_pairs": 1,
    "noise_levels": [
      0.0,
      0.005
    ],
    "fake_backend": null
  },
  "runs": {
    "depol_0.0": {
      "p_depol": 0.0,
      "entropy_curve": [
        1.3561438102252754,
        1.3275746580285046,
        1.4454111483223624,
        1.1173569506381587,
        1.7520724865564143,
        1.2720795454368006,
        2.0458036896131246,
        2.415037499278844,
        1.7145977811377513,
        2.192645077942396,
        1.9556058806415462,
        1.573735245297902,
        1.642447995381916,
        2.476438043942987,
        1.7520724865564143,
        2.476438043942987,
        2.0,
        2.1420190048724277,
        2.476438043942987,
        1.8707169830550336,
        2.752072486556415,
        6.0,
        1.7520724865564143,
        2.0,
        2.830074998557688,
        1.8707169830550336,
        2.0458036896131246,
        1.7520724865564143,
        2.1420190048724277,
        1.4454111483223624,
        2.0,
        2.0931094043914813,
        2.0931094043914813,
        1.7520724865564143,
        1.7145977811377513,
        1.3561438102252754
      ],
      "thresholds": {
        "23-C": {
          "period_dom": 36.0,
          "pass": false
        },
        "23-Z": {
          "gap_mode": 4.0,
          "pass": true
        },
        "23-P": {
          "contrast": 4.882643049361842,
          "pass": true
        },
        "23-H": {
          "purity_12_6": 0.1388836089408707,
          "pass": false
        },
        "top_fft": [
          {
            "power": 97.91342983994986,
            "period": 36.0,
            "k": 1
          },
          {
            "power": 40.462141220233164,
            "period": 2.769230769230769,
            "k": 13
          },
          {
            "power": 37.25610180037248,
            "period": 12.0,
            "k": 3
          },
          {
            "power": 34.519377277323215,
            "period": 3.6,
            "k": 10
          },
          {
            "power": 28.998186583665685,
            "period": 3.0,
            "k": 12
          },
          {
            "power": 21.526192224979592,
            "period": 3.272727272727273,
            "k": 11
          }
        ],
        "non_dc_power": 401.2935365435806
      },
      "runtime_s": 4.115450382232666
    },
    "depol_0.005": {
      "p_depol": 0.005,
      "entropy_curve": [
        1.6780719051126374,
        1.642447995381916,
        1.1671099858352583,
        1.2451124978365316,
        1.5405683813627027,
        1.5081469036703252,
        1.3852901558847919,
        2.1420190048724277,
        1.5405683813627027,
        1.7905466343710503,
        2.0458036896131246,
        2.299560281858908,
        2.0,
        3.192645077942396,
        1.7520724865564143,
        2.0931094043914813,
        2.356143810225275,
        3.299560281858908,
        2.0458036896131246,
        1.7520724865564143,
        2.0,
        3.830074998557688,
        2.9125371587496605,
        2.5405683813627027,
        1.573735245297902,
        1.8707169830550336,
        2.5405683813627027,
        2.1420190048724277,
        1.5081469036703252,
        2.415037499278844,
        1.573735245297902,
        1.8300749985576878,
        1.7905466343710503,
        1.1420190048724281,
        1.4764380439429874,
        1.5405683813627027
      ],
      "thresholds": {
        "23-C": {
          "period_dom": 36.0,
          "pass": false
        },
        "23-Z": {
          "gap_mode": 3.0,
          "pass": true
        },
        "23-P": {
          "contrast": 2.6880559936852597,
          "pass": true
        },
        "23-H": {
          "purity_12_6": 0.02431149356729397,
          "pass": false
        },
        "top_fft": [
          {
            "power": 100.29972911215616,
            "period": 36.0,
            "k": 1
          },
          {
            "power": 29.402111678181946,
            "period": 4.5,
            "k": 8
          },
          {
            "power": 29.04304251355257,
            "period": 2.0,
            "k": 18
          },
          {
            "power": 23.602097774289085,
            "period": 5.142857142857143,
            "k": 7
          },
          {
            "power": 11.386495475940894,
            "period": 2.769230769230769,
            "k": 13
          },
          {
            "power": 10.47877458695414,
            "period": 4.0,
            "k": 9
          }
        ],
        "non_dc_power": 247.08297352688484
      },
      "runtime_s": 17.16933560371399
    }
  }
}