{
  "stage": "B_mode1_synchronous",
  "timestamp": "20260421T141223",
  "offset_T2": 0,
  "parameters": {
    "n_compute": 1,
    "J_intra": 0.1,
    "J_mem": 0.5
  },
  "runtime_s": 91.4589478969574,
  "results": {
    "alpha": {
      "alpha": {
        "diag": {
          "alpha": 0.14253794153531396,
          "beta": 0.35787101725062664,
          "gamma": 0.3609727358885514
        },
        "off_mag": {
          "ab": 0.030331741595687394,
          "ag": 0.07366941947364815,
          "bg": 0.17831089181959878
        },
        "off_phase": {
          "ab": -2.027704366948666,
          "ag": -2.351877466245624,
          "bg": 0.2607629504692826
        },
        "entropy": 1.0171186923980713,
        "purity": 0.42347273230552673,
        "z3_mass": 0.861381694674492
      },
      "beta": {
        "diag": {
          "alpha": 0.2502572132895391,
          "beta": 0.2114632065354032,
          "gamma": 0.3645498475424208
        },
        "off_mag": {
          "ab": 0.031242579573484097,
          "ag": 0.06489182769891887,
          "bg": 0.05139816946623437
        },
        "off_phase": {
          "ab": -0.5993316892878591,
          "ag": 0.06489578338554443,
          "bg": -0.07607091032993081
        },
        "entropy": 1.285823941230774,
        "purity": 0.2807198166847229,
        "z3_mass": 0.8262702673673631
      },
      "gamma": {
        "diag": {
          "alpha": 0.18553709549208486,
          "beta": 0.39386772156280814,
          "gamma": 0.32205396788296575
        },
        "off_mag": {
          "ab": 0.04729844700435593,
          "ag": 0.07745397489868562,
          "bg": 0.11445922670039256
        },
        "off_phase": {
          "ab": 0.4473222940619967,
          "ag": -1.7488959054770468,
          "bg": -0.43006037101925454
        },
        "entropy": 1.1238173246383667,
        "purity": 0.353305846452713,
        "z3_mass": 0.9014587849378588
      }
    },
    "beta": {
      "alpha": {
        "diag": {
          "alpha": 0.3591238679364325,
          "beta": 0.1898181064576381,
          "gamma": 0.3399836226775772
        },
        "off_mag": {
          "ab": 0.03150671939883841,
          "ag": 0.1460893058643665,
          "bg": 0.029654542155913677
        },
        "off_phase": {
          "ab": 0.3080393105782607,
          "ag": -0.07295355316689278,
          "bg": 0.08625138303997097
        },
        "entropy": 1.1740655899047852,
        "purity": 0.3424060642719269,
        "z3_mass": 0.8889255970716478
      },
      "beta": {
        "diag": {
          "alpha": 0.3316728783150515,
          "beta": 0.13493547248437524,
          "gamma": 0.17230764992441222
        },
        "off_mag": {
          "ab": 0.08931449405710219,
          "ag": 0.09143481473701354,
          "bg": 0.07278943104665743
        },
        "off_phase": {
          "ab": 3.131647997585371,
          "ag": 0.3308952615025387,
          "bg": -2.6859476896666368
        },
        "entropy": 1.0332574844360352,
        "purity": 0.4301726818084717,
        "z3_mass": 0.638916000723839
      },
      "gamma": {
        "diag": {
          "alpha": 0.44428159917394333,
          "beta": 0.17686540380491203,
          "gamma": 0.24079290409511944
        },
        "off_mag": {
          "ab": 0.09615155768313487,
          "ag": 0.11687887613563488,
          "bg": 0.05852413448356532
        },
        "off_phase": {
          "ab": 1.6255503760473204,
          "ag": -0.7738750022019026,
          "bg": -2.7087848506127643
        },
        "entropy": 1.1300327777862549,
        "purity": 0.36957845091819763,
        "z3_mass": 0.8619399070739748
      }
    },
    "gamma": {
      "alpha": {
        "diag": {
          "alpha": 0.21294279396533974,
          "beta": 0.393815046415642,
          "gamma": 0.29220562590567767
        },
        "off_mag": {
          "ab": 0.11679377226278757,
          "ag": 0.07015865861466976,
          "bg": 0.11374963322675498
        },
        "off_phase": {
          "ab": 0.3848823055817301,
          "ag": -1.44398711911296,
          "bg": -0.9330448638168662
        },
        "entropy": 1.1144570112228394,
        "purity": 0.3668800890445709,
        "z3_mass": 0.8989634662866595
      },
      "beta": {
        "diag": {
          "alpha": 0.34363514805833506,
          "beta": 0.21425605356776395,
          "gamma": 0.22560869490023783
        },
        "off_mag": {
          "ab": 0.09029610399902778,
          "ag": 0.06587740931060038,
          "bg": 0.07154717350011974
        },
        "off_phase": {
          "ab": 0.9726450845062569,
          "ag": -0.8007901907473357,
          "bg": -2.447404365232618
        },
        "entropy": 1.2371882200241089,
        "purity": 0.3018137514591217,
        "z3_mass": 0.7834998965263369
      },
      "gamma": {
        "diag": {
          "alpha": 0.2750198592742285,
          "beta": 0.344930757829528,
          "gamma": 0.24218848869305765
        },
        "off_mag": {
          "ab": 0.16060078199377123,
          "ag": 0.11328195812432804,
          "bg": 0.08831611546171636
        },
        "off_phase": {
          "ab": 0.9879150332324063,
          "ag": -1.7280879465159604,
          "bg": -2.3650855774655977
        },
        "entropy": 1.0558290481567383,
        "purity": 0.4052007794380188,
        "z3_mass": 0.8621391057968142
      }
    }
  }
}