{
  "stage": "B_mode2_interleaved",
  "timestamp": "20260421T141421",
  "offset_T2": 6,
  "parameters": {
    "n_compute": 1,
    "J_intra": 0.1,
    "J_mem": 0.5
  },
  "runtime_s": 81.07013750076294,
  "results": {
    "alpha": {
      "alpha": {
        "diag": {
          "alpha": 0.1999802837769191,
          "beta": 0.3171649293771913,
          "gamma": 0.3623408857314258
        },
        "off_mag": {
          "ab": 0.07396241739172546,
          "ag": 0.017173595154574412,
          "bg": 0.16812063231106203
        },
        "off_phase": {
          "ab": 0.5477827366859439,
          "ag": 0.14213130797542514,
          "bg": -0.04678895822635062
        },
        "entropy": 1.115073800086975,
        "purity": 0.3661339282989502,
        "z3_mass": 0.8794860988855362
      },
      "beta": {
        "diag": {
          "alpha": 0.15020112072428074,
          "beta": 0.33426426460596204,
          "gamma": 0.270480354773479
        },
        "off_mag": {
          "ab": 0.010016240632884005,
          "ag": 0.07304710233085344,
          "bg": 0.07529280955723461
        },
        "off_phase": {
          "ab": 2.885131662084243,
          "ag": -2.4278494620517557,
          "bg": -0.07155042509735632
        },
        "entropy": 1.1914842128753662,
        "purity": 0.3304828107357025,
        "z3_mass": 0.7549457401037217
      },
      "gamma": {
        "diag": {
          "alpha": 0.15736757591366773,
          "beta": 0.3759717259820488,
          "gamma": 0.31676459794082384
        },
        "off_mag": {
          "ab": 0.08734004513778844,
          "ag": 0.05278072796186393,
          "bg": 0.19779281909181676
        },
        "off_phase": {
          "ab": -0.2608388956614424,
          "ag": -1.1288022593482547,
          "bg": -0.17884794752212804
        },
        "entropy": 1.0431442260742188,
        "purity": 0.41349342465400696,
        "z3_mass": 0.8501038998365404
      }
    },
    "beta": {
      "alpha": {
        "diag": {
          "alpha": 0.40961347954968624,
          "beta": 0.1610686297398923,
          "gamma": 0.28460112125355824
        },
        "off_mag": {
          "ab": 0.03820463234393722,
          "ag": 0.13276438627374143,
          "bg": 0.042288372426104004
        },
        "off_phase": {
          "ab": 1.5499782649972247,
          "ag": 0.32055252538004675,
          "bg": -1.8950484512245596
        },
        "entropy": 1.1667308807373047,
        "purity": 0.34836047887802124,
        "z3_mass": 0.8552832305431368
      },
      "beta": {
        "diag": {
          "alpha": 0.3393829353153706,
          "beta": 0.17161634341511695,
          "gamma": 0.21028521507349054
        },
        "off_mag": {
          "ab": 0.07528867774864362,
          "ag": 0.0900299044092276,
          "bg": 0.040452299216099205
        },
        "off_phase": {
          "ab": 1.7181813736340408,
          "ag": -0.7430473421211534,
          "bg": 3.073601544142461
        },
        "entropy": 1.2255498170852661,
        "purity": 0.31552886962890625,
        "z3_mass": 0.7212844938039781
      },
      "gamma": {
        "diag": {
          "alpha": 0.3976991110830569,
          "beta": 0.17845203166068646,
          "gamma": 0.2742916393006675
        },
        "off_mag": {
          "ab": 0.07153068377017915,
          "ag": 0.17480046767446594,
          "bg": 0.050293154638223314
        },
        "off_phase": {
          "ab": 0.2057159455383156,
          "ag": -0.06356947014065627,
          "bg": -0.770177388819965
        },
        "entropy": 1.1336723566055298,
        "purity": 0.36980774998664856,
        "z3_mass": 0.8504427820444109
      }
    },
    "gamma": {
      "alpha": {
        "diag": {
          "alpha": 0.2964819918076198,
          "beta": 0.34378022270410874,
          "gamma": 0.260095464020872
        },
        "off_mag": {
          "ab": 0.16555037901462885,
          "ag": 0.05648006748047705,
          "bg": 0.09241464921021167
        },
        "off_phase": {
          "ab": 0.9538916603509212,
          "ag": -0.7633609547617662,
          "bg": -1.3358345880930607
        },
        "entropy": 1.1294194459915161,
        "purity": 0.3599751889705658,
        "z3_mass": 0.9003576785326005
      },
      "beta": {
        "diag": {
          "alpha": 0.2001419787605604,
          "beta": 0.3031044000579703,
          "gamma": 0.21669031985662507
        },
        "off_mag": {
          "ab": 0.10998118462111624,
          "ag": 0.0824101016211292,
          "bg": 0.06773903122460138
        },
        "off_phase": {
          "ab": 0.995480390167161,
          "ag": -1.839110720567556,
          "bg": -2.6958466814860977
        },
        "entropy": 1.1386756896972656,
        "purity": 0.37017592787742615,
        "z3_mass": 0.7199366986751556
      },
      "gamma": {
        "diag": {
          "alpha": 0.2523456166187923,
          "beta": 0.4040600953196565,
          "gamma": 0.23897614104597983
        },
        "off_mag": {
          "ab": 0.16165769915052564,
          "ag": 0.0869974404142794,
          "bg": 0.13384759931466098
        },
        "off_phase": {
          "ab": 0.30570683536377363,
          "ag": -1.3346804426229988,
          "bg": -1.2110206581070129
        },
        "entropy": 1.0865801572799683,
        "purity": 0.3961828351020813,
        "z3_mass": 0.8953818529844286
      }
    }
  }
}